{"cameraMode":{"drawMode":0,"name":"Shaded","section":"Shading Mode"},"sceneLighting":true,"audioPlay":false,"sceneViewState":{"showFog":true,"showMaterialUpdate":false,"showSkybox":true,"showFlares":true,"showImageEffects":true,"showParticleSystems":true},"in2DMode":false,"pivot":{"x":-0.7186273336410523,"y":1.1991393566131592,"z":0.16306233406066895},"rotation":{"x":-0.25421473383903506,"y":-0.050747040659189227,"z":0.013358661904931069,"w":-0.9657231569290161},"size":3.811786413192749,"orthographic":false}